"store_id","hub_id","store_segment","store_plan_price","store_latitude","store_longitude"
"3","2","FOOD","0",,
"6","3","FOOD","0","-30.037415","-51.20352"
"8","3","FOOD","0","-30.037415","-51.20352"
"53","8","FOOD","0","-22.921474","-43.23482"
"54","8","FOOD","0","-22.921474","-43.23482"
"56","8","FOOD","49","-22.921474","-43.23482"
"58","8","FOOD","49","-22.921474","-43.23482"
"82","8","FOOD","0","-22.921474","-43.23482"
"83","8","FOOD","0","-22.921474","-43.23482"
"84","8","FOOD","49","-22.921474","-43.23482"
"85","8","FOOD","0","-22.921474","-43.23482"
"88","8","GOOD","0","-22.921474","-43.23482"
"89","8","FOOD","49","-22.921474","-43.23482"
"90","8","FOOD","49","-22.921474","-43.23482"
"95","8","FOOD","49","-22.921474","-43.23482"
"96","5","FOOD","0","-23.00075","-43.318363"
"99","8","FOOD","0","-22.921474","-43.23482"
"100","8","FOOD","49","-22.921474","-43.23482"
"122","4","GOOD","0",,
"141","8","FOOD","0","-22.921474","-43.23482"
"144","8","FOOD","49","-22.921474","-43.23482"
"149","8","FOOD","0","-22.921474","-43.23482"
"164","8","GOOD","0","-22.921474","-43.23482"
"187","13","FOOD","49","-22.88582","-43.279217"
"189","13","FOOD","49","-22.88582","-43.279217"
"191","13","FOOD","49","-22.88582","-43.279217"
"228","8","GOOD","0","-22.924145","-43.236343"
"232","16","FOOD","0","-23.017473","-43.47994"
"236","13","FOOD","0","-22.88582","-43.279217"
"245","18","FOOD","0","-22.945496","-43.182182"
"261","18","FOOD","49","-22.945496","-43.182182"
"264","8","GOOD","0","-22.924145","-43.236343"
"274","16","FOOD","0","-23.017473","-43.47994"
"294","13","FOOD","0","-22.88582","-43.279217"
"295","8","GOOD","29","-22.921474","-43.23482"
"311","13","GOOD","29","-22.88582","-43.279217"
"321","17","FOOD","0","-23.592005","-46.636505"
"339","17","FOOD","49","-23.592005","-46.636505"
"342","13","GOOD","0",,
"345","13","FOOD","49","-22.886099","-43.27955"
"356","21","FOOD","49","-23.550407","-46.697315"
"357","22","FOOD","0","-23.000753","-43.38377"
"361","22","FOOD","0","-23.000753","-43.38377"
"365","20","FOOD","49","-22.996847","-43.3612"
"366","20","FOOD","49","-22.996847","-43.3612"
"367","20","FOOD","49","-22.996847","-43.3612"
"370","20","FOOD","49","-22.996847","-43.3612"
"371","20","FOOD","0","-22.996847","-43.3612"
"373","20","FOOD","49","-22.996847","-43.3612"
"377","20","GOOD","0","-23.000753","-43.38377"
"378","21","FOOD","49","-23.550407","-46.697315"
"383","21","FOOD","49","-23.550407","-46.697315"
"387","22","FOOD","49","-23.000753","-43.38377"
"390","17","FOOD","49","-23.592005","-46.636505"
"391","20","FOOD","0","-22.996847","-43.3612"
"399","13","FOOD","0","-22.884333","-43.283367"
"406","20","FOOD","49","-23.000753","-43.38377"
"409","16","FOOD","0","-23.017263","-43.479122"
"414","13","FOOD","0","-22.886644","-43.28019"
"415","8","FOOD",,"-22.921474","-43.23482"
"416","21","FOOD","0","-23.550407","-46.72129"
"417","20","FOOD","0","-22.996847","-43.3612"
"426","20","FOOD",,"-22.996847","-43.3612"
"430","21","FOOD","0","-23.550407","-46.72129"
"435","16","FOOD","49","-23.017263","-43.479122"
"439","16","FOOD","49","-23.017263","-43.479122"
"446","20","GOOD","29","-22.996847","-43.3612"
"447","21","GOOD","29","-23.550407","-46.72129"
"453","20","FOOD","49","-22.996847","-43.3612"
"462","18","FOOD","49","-22.946428","-43.18231"
"476","20","GOOD","29","-22.996847","-43.3612"
"482","25","GOOD","49","-23.567703","-46.642044"
"490","22","FOOD","49","-23.000753","-43.38377"
"491","16","GOOD","29","-23.017263","-43.479122"
"493","25","FOOD","49","-23.567703","-46.642044"
"495","25","FOOD","0","-23.562328","-46.642044"
"496","26","FOOD",,"-23.563019","-46.652622"
"497","13","FOOD","0","-22.884333","-43.283367"
"501","25","FOOD","49","-23.567703","-46.642044"
"508","20","FOOD","49","-22.996847","-43.3612"
"515","18","FOOD","49","-22.946428","-43.18231"
"520","26","FOOD","49","-23.563019","-46.652622"
"524","3","GOOD","49","-30.037415","-51.20352"
"525","25","FOOD","49","-23.567703","-46.642044"
"529","20","FOOD","49","-22.996847","-43.3612"
"531","16","FOOD","49","-23.017263","-43.479122"
"532","13","GOOD","29","-22.886644","-43.28019"
"540","22","GOOD","49","-23.000753","-43.38377"
"545","3","FOOD","49","-30.037415","-51.20352"
"555","20","FOOD","49","-22.996847","-43.3612"
"563","3","FOOD","49","-30.038145","-51.20352"
"564","20","FOOD","49","-22.996847","-43.3612"
"582","16","FOOD","49","-23.020708","-43.4897"
"585","21","GOOD","29","-23.550407","-46.72129"
"586","26","FOOD","49","-23.563759","-46.652622"
"587","8","FOOD",,"-22.921474","-43.23482"
"590","20","FOOD","49","-22.996847","-43.3612"
"591","27","FOOD","49","-23.622995","-46.699203"
"595","27","GOOD","49","-23.622995","-46.699203"
"599","21","GOOD",,"-23.550407","-46.72129"
"600","21","GOOD","29","-23.550407","-46.72129"
"603","27","GOOD","29","-23.622995","-46.699203"
"604","16","FOOD","49","-23.020708","-43.4897"
"605","16","GOOD","49","-23.020708","-43.4897"
"606","8","GOOD",,"-22.921474","-43.23482"
"607","27","FOOD","49",,
"616","18","FOOD","49","-22.94733","-43.183533"
"622","28","FOOD","49","-23.595776","-46.685986"
"623","28","FOOD","49","-23.595776","-46.685986"
"624","28","FOOD","49","-23.595776","-46.685986"
"626","28","GOOD","29","-23.595776","-46.685986"
"627","27","GOOD","29","-23.622995","-46.699203"
"629","8","FOOD",,"-22.921474","-43.23482"
"631","28","FOOD",,"-23.595776","-46.685986"
"632","28","FOOD",,"-23.595776","-46.685986"
"633","21","GOOD","49","-23.550407","-46.72129"
"640","28","GOOD","49","-23.595776","-46.685986"
"641","26","GOOD","29","-23.563759","-46.652622"
"644","13","FOOD",,"-22.887522","-43.283367"
"646","21","FOOD","49","-23.550407","-46.72129"
"648","27","FOOD","49","-23.622995","-46.699203"
"651","27","FOOD","49","-23.622995","-46.699203"
"652","25","GOOD","29","-23.570765","-46.642044"
"656","3","FOOD","0","-30.038145","-51.20352"
"657","21","GOOD","29","-23.550407","-46.72129"
"658","29","FOOD",,"-23.561052","-46.558975"
"659","29","FOOD",,"-23.561052","-46.558975"
"660","16","FOOD","49","-22.98945","-43.433224"
"661","20","FOOD","49","-22.996847","-43.3612"
"666","25","FOOD","49","-23.570765","-46.642044"
"669","29","FOOD","49","-23.561052","-46.558975"
"673","18","FOOD","49","-22.95033","-43.184895"
"674","29","FOOD","49","-23.561052","-46.558975"
"676","31","FOOD",,"-23.631836","-46.735203"
"678","18","FOOD","49","-22.94956","-43.18502"
"679","18","FOOD","49","-22.94733","-43.183533"
"681","5","FOOD","49","-23.003717","-43.317444"
"682","25","FOOD","49","-23.570765","-46.642044"
"684","17","GOOD","29","-23.59955","-46.636757"
"685","20","GOOD","29","-22.996847","-43.3612"
"686","29","FOOD","49","-23.561052","-46.558975"
"687","17","GOOD","29","-23.59955","-46.636757"
"689","17","GOOD","29","-23.59955","-46.636757"
"690","29","FOOD","49","-23.561052","-46.558975"
"692","29","FOOD","49","-23.561052","-46.558975"
"693","29","GOOD","29","-23.561052","-46.558975"
"695","5","FOOD","49","-23.004908","-43.318363"
"697","21","GOOD","29","-23.550407","-46.72129"
"700","21","GOOD","29","-23.550407","-46.72129"
"701","21","GOOD","29","-23.550407","-46.72129"
"702","21","GOOD",,"-23.550407","-46.72129"
"706","17","GOOD","29","-23.59955","-46.636757"
"707","33","FOOD",,"-23.579067","-46.594006"
"716","33","FOOD","49","-23.579067","-46.594006"
"728","33","FOOD","49","-23.579067","-46.594006"
"735","33","FOOD","49","-23.579067","-46.594006"
"739","16","GOOD","29","-23.020708","-43.4897"
"745","3","GOOD",,"-30.037361","-51.204754"
"747","21","GOOD","29","-23.550407","-46.72129"
"748","27","FOOD","49","-23.622995","-46.699203"
"753","3","FOOD","0","-30.038145","-51.20352"
"754","13","GOOD",,"-22.887522","-43.283367"
"762","26","GOOD","29","-23.563759","-46.652622"
"763","26","GOOD","49","-23.563759","-46.652622"
"767","29","FOOD","49","-23.561052","-46.558975"
"771","27","FOOD","49","-23.622995","-46.699203"
"773","18","FOOD","49","-22.94733","-43.183533"
"780","29","FOOD",,"-23.561052","-46.558975"
"783","22","FOOD","49","-23.000149","-43.381737"
"785","33","FOOD","49","-23.579067","-46.594006"
"786","33","GOOD","49","-23.579067","-46.594006"
"787","33","FOOD","49","-23.579067","-46.594006"
"790","33","FOOD","49","-23.57989","-46.594296"
"791","8","FOOD","0","-22.921474","-43.23482"
"792","13","FOOD","0","-22.887522","-43.283367"
"801","20","FOOD","49","-22.996847","-43.3612"
"802","20","FOOD","49","-22.996847","-43.3612"
"804","18","FOOD","49","-22.94733","-43.183533"
"806","27","GOOD",,,
"807","29","GOOD",,,
"808","28","GOOD",,,
"809","25","GOOD","29","-23.570765","-46.642044"
"810","22","FOOD","49","-23.001696","-43.386494"
"811","8","GOOD","0","-22.921474","-43.23482"
"824","26","GOOD","29","-23.563759","-46.652622"
"828","20","GOOD",,"-22.996847","-43.3612"
"832","27","GOOD","29","-23.622995","-46.699203"
"837","33","GOOD","29","-23.579067","-46.594006"
"840","26","FOOD","49","-23.563759","-46.652622"
"845","13","FOOD",,"-22.887522","-43.283367"
"847","13","GOOD","29","-22.887522","-43.283367"
"850","22","FOOD","49","-23.001696","-43.386494"
"859","20","FOOD","49","-22.996847","-43.3612"
"864","3","FOOD","0","-30.038145","-51.20352"
"869","18","FOOD","49","-22.94733","-43.183533"
"870","18","FOOD","49","-22.949297","-43.188152"
"875","31","FOOD","49","-23.631836","-46.735203"
"876","26","GOOD","29","-23.569798","-46.659252"
"877","33","GOOD","29","-23.579067","-46.594006"
"879","28","FOOD","49","-23.595776","-46.685986"
"882","35","FOOD","49","-22.97315","-43.37081"
"883","35","FOOD","49","-22.97315","-43.37081"
"886","35","FOOD",,"-22.97315","-43.37081"
"894","35","FOOD","49","-22.97315","-43.37081"
"902","8","GOOD","29","-22.921474","-43.23482"
"903","35","FOOD","49","-22.97315","-43.37081"
"904","25","GOOD","29","-23.570765","-46.642044"
"911","28","FOOD","0","-23.595776","-46.685986"
"912","3","FOOD","49","-30.035517","-51.204006"
"913","27","GOOD","29","-23.622995","-46.699203"
"915","25","GOOD","29","-23.570765","-46.642044"
"918","27","GOOD",,"-23.622995","-46.699203"
"921","29","GOOD","29","-23.561052","-46.558975"
"923","3","GOOD","29","-30.027067","-51.19292"
"924","29","GOOD","29","-23.561052","-46.558975"
"931","31","FOOD","49","-23.631836","-46.735203"
"933","31","FOOD","49","-23.631836","-46.735203"
"938","27","FOOD","49","-23.622995","-46.699203"
"941","27","FOOD","49","-23.622995","-46.699203"
"944","35","FOOD","49","-22.97315","-43.37081"
"945","29","GOOD","29","-23.561052","-46.558975"
"946","29","GOOD","29","-23.561052","-46.558975"
"947","5","FOOD","49","-23.004908","-43.318363"
"948","27","GOOD","29","-23.622995","-46.699203"
"950","33","FOOD","49","-23.579067","-46.594006"
"951","33","GOOD","29","-23.579067","-46.594006"
"952","26","GOOD","29","-23.563759","-46.652622"
"953","26","GOOD","29","-23.561121","-46.666603"
"955","51","FOOD",,"-22.926905","-43.572533"
"960","33","GOOD","29","-23.579067","-46.594006"
"961","21","FOOD","49","-23.550407","-46.72129"
"964","26","GOOD","29","-23.54166","-46.657482"
"965","17","GOOD","29","-23.603558","-46.657894"
"966","35","FOOD","49","-22.97315","-43.37081"
"967","28","GOOD","29","-23.595215","-46.666397"
"968","28","GOOD","29","-23.586689","-46.67986"
"975","36","FOOD","49","-30.085743","-51.246"
"976","36","FOOD","49","-30.085743","-51.246"
"977","36","FOOD","49","-30.085743","-51.246"
"978","55","GOOD","29","-23.51542","-46.66532"
"983","35","FOOD","49","-22.97315","-43.37081"
"984","33","GOOD",,"-23.579067","-46.594006"
"989","36","GOOD","29","-30.085743","-51.246"
"995","31","GOOD","29","-23.631836","-46.735203"
"997","33","GOOD","29","-23.579067","-46.594006"
"998","20","FOOD","49","-22.996847","-43.3612"
"999","35","FOOD","49","-22.97315","-43.37081"
"1000","20","GOOD","49","-22.996847","-43.3612"
"1001","26","FOOD","49","-23.563759","-46.652622"
"1002","20","FOOD","49","-22.996847","-43.3612"
"1003","29","GOOD","29","-23.561052","-46.558975"
"1006","25","GOOD","29","-23.570765","-46.642044"
"1008","29","GOOD","29","-23.561052","-46.558975"
"1009","20","FOOD","49","-22.996847","-43.3612"
"1010","16","GOOD","49","-23.020708","-43.4897"
"1014","31","GOOD","29","-23.631836","-46.735203"
"1015","31","GOOD","29","-23.658852","-46.737877"
"1016","36","FOOD","49","-30.085743","-51.246"
"1018","36","FOOD","49","-30.085743","-51.246"
"1019","20","GOOD","49","-22.996847","-43.3612"
"1022","29","GOOD","29","-23.561052","-46.558975"
"1025","21","GOOD","29","-23.528072","-46.731194"
"1026","22","GOOD","29","-23.001696","-43.386494"
"1027","33","GOOD",,"-23.579067","-46.594006"
"1029","55","GOOD","29","-23.515577","-46.665665"
"1034","18","GOOD","29","-22.964613","-43.220245"
"1037","35","FOOD",,"-22.97315","-43.37081"
"1041","26","GOOD","49","-23.563759","-46.652622"
"1042","36","FOOD","49","-30.085743","-51.246"
"1044","36","GOOD","29","-30.085743","-51.246"
"1056","16","FOOD","49",,
"1057","36","FOOD",,"-30.085743","-51.246"
"1061","33","GOOD","29","-23.579067","-46.594006"
"1064","8","GOOD","49","-22.921474","-43.23482"
"1071","25","GOOD","29","-23.570765","-46.642044"
"1076","20","FOOD","49","-22.996847","-43.3612"
"1080","18","GOOD","29","-22.94733","-43.183533"
"1082","35","GOOD","29","-22.97315","-43.37081"
"1083","27","GOOD","29","-23.622995","-46.699203"
"1084","28","GOOD","29","-23.595776","-46.685986"
"1091","20","GOOD","29","-22.996847","-43.3612"
"1092","18","GOOD","29","-22.94733","-43.183533"
"1093","36","GOOD","29","-30.085743","-51.246"
"1095","22","GOOD","29","-23.001696","-43.386494"
"1096","8","GOOD","29","-22.921474","-43.23482"
"1097","28","GOOD","29","-23.595776","-46.685986"
"1098","33","GOOD","29","-23.579067","-46.594006"
"1099","29","GOOD","29","-23.561052","-46.558975"
"1101","26","GOOD","29","-23.563759","-46.652622"
"1103","27","GOOD","29","-23.622995","-46.699203"
"1104","13","GOOD",,"-22.887522","-43.283367"
"1105","25","GOOD","29","-23.570765","-46.642044"
"1106","21","GOOD","29","-23.550407","-46.72129"
"1107","21","FOOD","49","-23.550407","-46.72129"
"1114","35","FOOD","49","-22.97315","-43.37081"
"1117","21","GOOD","29","-23.550407","-46.72129"
"1118","35","GOOD","29","-22.97315","-43.37081"
"1119","28","FOOD",,"-23.595776","-46.685986"
"1120","27","GOOD","29","-23.622995","-46.699203"
"1121","20","GOOD","29","-22.996847","-43.3612"
"1122","27","GOOD","29","-23.622995","-46.699203"
"1123","8","GOOD",,"-22.921474","-43.23482"
"1125","36","FOOD","49","-30.085743","-51.246"
"1127","16","FOOD","49","-23.020708","-43.4897"
"1128","17","GOOD","29","-23.59955","-46.636757"
"1141","21","GOOD","29","-23.550407","-46.72129"
"1143","3","GOOD","49","-29.972736","-51.19582"
"1146","33","GOOD","29","-23.579067","-46.594006"
"1150","26","FOOD","49","-23.563759","-46.652622"
"1152","8","FOOD","29","-22.922909","-43.2349"
"1153","13","FOOD","49","-22.887522","-43.283367"
"1154","27","GOOD","29","-23.622995","-46.699203"
"1157","27","GOOD","29","-23.622995","-46.699203"
"1160","3","GOOD","49","-30.03821","-51.2217"
"1161","31","GOOD",,"-23.631836","-46.735203"
"1162","13","GOOD","29","-22.887522","-43.283367"
"1163","33","GOOD","29","-23.579067","-46.594006"
"1164","26","GOOD","29","-23.563759","-46.652622"
"1165","17","GOOD","29","-23.59955","-46.636757"
"1166","33","GOOD","29","-23.579067","-46.594006"
"1167","31","GOOD","29","-23.631836","-46.735203"
"1175","31","GOOD",,"-23.631836","-46.735203"
"1187","33","GOOD","29",,
"1199","31","GOOD","29","-23.631836","-46.735203"
"1204","18","GOOD",,,
"1205","29","GOOD","29","-23.561052","-46.558975"
"1208","16","FOOD","49","-23.020708","-43.4897"
"1210","26","FOOD","49","-23.561506","-46.668457"
"1213","21","GOOD","29","-23.550407","-46.72129"
"1214","21","GOOD","29","-23.550407","-46.72129"
"1215","17","GOOD","29","-23.59955","-46.636757"
"1218","20","FOOD","49","-22.996847","-43.3612"
"1220","33","GOOD","29","-23.579067","-46.594006"
"1224","31","GOOD",,"-23.631836","-46.735203"
"1230","27","GOOD","29","-23.622995","-46.699203"
"1232","33","GOOD",,"-23.579067","-46.594006"
"1233","3","GOOD","29","-30.029655","-51.21743"
"1235","33","GOOD","29","-23.579067","-46.594006"
"1236","33","GOOD","29","-23.579067","-46.594006"
"1237","33","GOOD","29","-23.579067","-46.594006"
"1238","33","GOOD","29","-23.579067","-46.594006"
"1239","33","GOOD","29","-23.579067","-46.594006"
"1242","35","GOOD","29","-22.97315","-43.37081"
"1246","31","GOOD","29","-23.631836","-46.735203"
"1247","25","GOOD","29","-23.570765","-46.642044"
"1254","31","GOOD","29","-23.631836","-46.735203"
"1259","26","GOOD","29","-23.563759","-46.652622"
"1263","33","GOOD","29","-23.579067","-46.594006"
"1271","21","GOOD",,"-23.550407","-46.72129"
"1272","20","GOOD","29","-22.996847","-43.3612"
"1273","35","GOOD","29","-22.97315","-43.37081"
"1274","28","GOOD","29","-23.595776","-46.685986"
"1276","35","GOOD","29","-22.97315","-43.37081"
"1278","35","GOOD","29","-22.97315","-43.37081"
"1279","8","GOOD","29","-22.921474","-43.23482"
"1280","33","GOOD","29","-23.579067","-46.594006"
"1283","27","GOOD","29","-23.622995","-46.699203"
"1288","31","GOOD","29","-23.631836","-46.735203"
"1290","26","GOOD","29","-23.563759","-46.652622"
"1292","18","GOOD",,,
"1293","35","GOOD","29","-22.97315","-43.37081"
"1300","29","GOOD","29","-23.561052","-46.558975"
"1303","13","GOOD",,"-22.887522","-43.283367"
"1304","25","GOOD","29","-23.570765","-46.642044"
"1307","8","FOOD","49","-22.921474","-43.23482"
"1314","27","GOOD","29","-23.622995","-46.699203"
"1317","31","GOOD","49","-23.631836","-46.735203"
"1318","33","GOOD","29","-23.579067","-46.594006"
"1321","31","FOOD","49","-23.631836","-46.735203"
"1324","3","FOOD",,"-30.038145","-51.20352"
"1325","31","GOOD","29","-23.629826","-46.735203"
"1330","31","GOOD",,"-23.631836","-46.735203"
"1332","20","GOOD","29","-22.996847","-43.3612"
"1333","20","GOOD","29","-22.996847","-43.3612"
"1335","8","GOOD","29","-22.921474","-43.23482"
"1338","31","FOOD","49","-23.631836","-46.735203"
"1344","31","GOOD",,"-23.631836","-46.735203"
"1345","29","GOOD","29","-23.561052","-46.558975"
"1378","33","GOOD",,"-23.579067","-46.594006"
"1381","13","GOOD",,"-22.887522","-43.283367"
"1383","13","GOOD","29","-22.887522","-43.283367"
"1395","21","GOOD",,"-23.550407","-46.72129"
"1397","21","GOOD","29","-23.550407","-46.72129"
"1399","3","FOOD","0","-30.038145","-51.20352"
"1401","27","FOOD","49","-23.622995","-46.699203"
"1404","31","GOOD","29","-23.631666","-46.735203"
"1406","26","FOOD","49","-23.563759","-46.652622"
"1409","17","GOOD","29","-23.59955","-46.636757"
"1411","29","GOOD","29","-23.561052","-46.558975"
"1412","29","GOOD","29","-23.561052","-46.558975"
"1413","20","GOOD","29","-22.996847","-43.3612"
"1415","8","GOOD","29","-22.921474","-43.23482"
"1416","13","GOOD","29","-22.887522","-43.283367"
"1419","8","GOOD","29","-22.921474","-43.23482"
"1428","8","GOOD",,"-22.921474","-43.23482"
"1431","20","GOOD","29","-22.996847","-43.3612"
"1432","33","GOOD",,"-23.579067","-46.594006"
"1433","33","GOOD","29","-23.579067","-46.594006"
"1435","8","GOOD","29","-22.921474","-43.23482"
"1437","20","GOOD","29","-22.996847","-43.3612"
"1438","13","GOOD","29","-22.887522","-43.283367"
"1442","31","GOOD","29","-23.631836","-46.735203"
"1454","36","GOOD","29","-30.085743","-51.246"
"1455","27","GOOD","29","-23.622995","-46.699203"
"1458","29","GOOD","29","-23.561052","-46.558975"
"1460","29","GOOD","29","-23.561052","-46.558975"
"1473","33","GOOD","29","-23.579067","-46.594006"
"1474","33","GOOD","29","-23.579067","-46.594006"
"1477","13","GOOD","29","-22.887522","-43.283367"
"1482","36","GOOD","29","-22.998898","-43.337105"
"1492","18","GOOD","29","-22.972849","-43.18826"
"1495","18","GOOD","29","-22.930807","-43.177547"
"1496","18","GOOD","29","-22.956842","-43.176537"
"1497","35","GOOD","29","-22.98237","-43.361244"
"1498","16","GOOD","29","-22.973898","-43.36743"
"1507","18","GOOD","29","-22.902939","-43.17981"
"1508","8","GOOD",,"-22.921474","-43.23482"
"1512","8","GOOD","29","-22.921474","-43.23482"
"1515","33","GOOD","29","-23.579067","-46.594006"
"1519","26","GOOD","29","-23.563759","-46.652622"
"1520","25","GOOD","29","-23.570765","-46.642044"
"1528","20","FOOD","49","-22.996847","-43.3612"
"1529","17","GOOD",,"-23.59955","-46.636757"
"1530","36","FOOD","49","-30.085743","-51.246"
"1538","33","GOOD","49","-23.579067","-46.59282"
"1539","21","GOOD","49","-23.550407","-46.72129"
"1551","3","GOOD",,,
"1556","36","FOOD","49","-30.085743","-51.246"
"1560","17","GOOD","29","-23.59955","-46.636757"
"1568","33","GOOD","29","-23.579067","-46.594006"
"1571","27","GOOD",,"-23.622995","-46.699203"
"1579","20","FOOD","49","-22.996847","-43.359634"
"1583","13","GOOD","29","-22.887522","-43.283367"
"1584","18","GOOD","29","-22.94733","-43.183533"
"1586","8","FOOD","49","-22.921474","-43.23482"
"1587","35","FOOD","49","-22.97315","-43.37081"
"1589","43","GOOD","29","-25.441221","-49.27769"
"1590","20","GOOD","29","-22.996847","-43.3612"
"1591","33","GOOD","29","-23.579067","-46.594006"
"1594","51","GOOD","29","-22.927336","-43.572533"
"1600","17","GOOD",,"-23.59955","-46.636757"
"1601","28","GOOD","29","-23.595776","-46.685986"
"1602","25","GOOD","29","-23.570765","-46.642044"
"1603","29","GOOD",,"-23.561052","-46.558975"
"1606","36","GOOD",,,
"1607","13","GOOD","29","-22.887522","-43.283367"
"1608","17","GOOD","29","-23.59955","-46.636757"
"1609","43","GOOD",,"-25.441221","-49.27769"
"1610","42","GOOD",,"-25.438766","-49.266533"
"1612","44","GOOD",,"-25.43514","-49.316788"
"1620","27","GOOD","29","-23.622995","-46.699203"
"1621","20","GOOD","29","-22.996847","-43.3612"
"1622","29","GOOD","29","-23.561052","-46.558975"
"1629","25","GOOD","29","-23.570765","-46.642044"
"1630","33","GOOD",,"-23.579067","-46.594006"
"1632","17","GOOD","29","-23.59955","-46.636757"
"1633","44","GOOD",,,
"1634","8","GOOD",,"-22.921474","-43.23482"
"1635","37","FOOD","29","-23.507105","-46.718197"
"1636","33","GOOD","29","-23.579067","-46.594006"
"1641","25","GOOD","29","-23.570765","-46.642044"
"1642","27","GOOD","29","-23.622995","-46.699203"
"1647","44","GOOD","29","-25.43514","-49.316788"
"1649","44","GOOD","29","-25.43514","-49.316788"
"1661","44","GOOD","29","-25.43514","-49.316788"
"1664","26","FOOD","49","-23.563759","-46.652622"
"1667","44","GOOD","29","-25.43514","-49.316788"
"1674","27","GOOD","29","-23.622995","-46.699203"
"1679","17","GOOD","29","-23.59955","-46.636757"
"1680","43","GOOD","29","-25.441221","-49.27769"
"1681","35","FOOD","49","-22.97315","-43.37081"
"1685","13","GOOD","29","-22.887522","-43.283367"
"1693","17","GOOD","29","-23.59955","-46.636757"
"1696","33","FOOD","49","-23.579067","-46.594006"
"1704","28","FOOD","49","-23.595776","-46.685986"
"1705","8","GOOD","29","-22.921474","-43.23482"
"1721","20","GOOD","29","-22.996847","-43.3612"
"1723","33","GOOD","29","-23.579067","-46.594006"
"1728","33","FOOD","49","-23.579067","-46.594006"
"1729","22","GOOD","29","-23.001696","-43.386494"
"1730","8","GOOD","29","-22.921474","-43.23482"
"1739","20","GOOD","29","-22.996847","-43.3612"
"1745","43","GOOD","29","-25.441221","-49.27769"
"1748","25","GOOD","29","-23.570765","-46.642044"
"1772","20","FOOD",,"-22.996847","-43.3612"
"1784","21","GOOD",,"-23.550407","-46.72129"
"1787","44","GOOD",,"-25.43514","-49.316788"
"1792","36","FOOD","49","-30.085743","-51.246"
"1799","51","GOOD","29","-22.927336","-43.572533"
"1801","17","GOOD","29","-23.59955","-46.636757"
"1804","3","FOOD",,"-30.038145","-51.20352"
"1814","13","FOOD",,"-22.887522","-43.283367"
"1816","44","GOOD","29","-25.43514","-49.316788"
"1820","29","GOOD","29","-23.561052","-46.558975"
"1822","27","GOOD","29","-23.622995","-46.699203"
"1833","8","GOOD","29","-22.921474","-43.23482"
"1835","25","FOOD","49","-23.570765","-46.642044"
"1842","13","FOOD","49","-22.887522","-43.283367"
"1844","51","GOOD","29","-22.927336","-43.572533"
"1852","36","FOOD","49","-30.085743","-51.246"
"1855","16","GOOD","29","-23.020708","-43.4897"
"1867","27","GOOD","29","-23.622995","-46.699203"
"1872","26","GOOD","29","-23.563759","-46.652622"
"1873","26","GOOD","29","-23.563759","-46.652622"
"1874","25","GOOD","29","-23.570765","-46.642044"
"1875","25","GOOD",,"-23.570765","-46.642044"
"1881","20","GOOD","29","-22.996847","-43.3612"
"1882","20","GOOD","29","-22.996847","-43.3612"
"1883","31","GOOD",,"-23.631836","-46.735203"
"1888","33","GOOD","29","-23.579067","-46.594006"
"1899","21","GOOD","29","-23.550407","-46.72129"
"1910","17","GOOD","29","-23.59955","-46.636757"
"1911","13","GOOD","29","-22.887522","-43.283367"
"1914","16","FOOD","49","-23.020708","-43.4897"
"1923","3","FOOD","49","-30.038145","-51.20352"
"1924","20","GOOD","29","-22.996847","-43.3612"
"1925","17","GOOD","29","-23.59955","-46.636757"
"1926","17","GOOD","29","-23.59955","-46.636757"
"1928","44","FOOD","49","-25.43514","-49.316788"
"1930","20","FOOD","49","-22.996847","-43.3612"
"1940","31","GOOD","19","-23.631836","-46.735203"
"1964","13","GOOD","29","-22.887522","-43.283367"
"1967","43","GOOD","29","-25.441221","-49.27769"
"1981","13","GOOD",,"-22.887522","-43.283367"
"1984","43","FOOD","49","-25.441221","-49.27769"
"1987","20","GOOD","29","-22.996847","-43.3612"
"1992","43","GOOD","29","-25.441221","-49.27769"
"1996","51","GOOD","29","-22.927336","-43.572533"
"1997","18","GOOD","29","-22.94733","-43.183533"
"1999","43","GOOD","29","-25.441221","-49.27769"
"2002","44","GOOD","29","-25.43514","-49.316788"
"2006","18","GOOD","29","-22.94733","-43.183533"
"2007","26","GOOD","29","-23.563759","-46.652622"
"2008","8","GOOD","29","-22.921474","-43.23482"
"2012","44","GOOD","29","-25.43514","-49.316788"
"2013","31","GOOD","29","-23.631836","-46.735203"
"2014","20","GOOD","29","-22.996847","-43.3612"
"2026","13","FOOD","49","-22.887522","-43.283367"
"2028","13","GOOD","29","-22.887522","-43.283367"
"2036","44","FOOD","49","-25.43514","-49.316788"
"2037","28","GOOD","29","-23.595776","-46.685986"
"2043","31","GOOD","29","-23.631836","-46.735203"
"2047","17","GOOD","29","-23.59955","-46.636757"
"2049","17","GOOD","29","-23.59955","-46.636757"
"2050","33","GOOD","29","-23.579067","-46.594006"
"2052","13","GOOD",,"-22.887522","-43.283367"
"2055","8","GOOD","29","-22.921474","-43.23482"
"2060","43","FOOD","49","-25.441221","-49.27769"
"2061","42","FOOD","49","-25.438766","-49.266533"
"2070","31","GOOD","29","-23.631836","-46.735203"
"2073","21","GOOD","29","-23.550407","-46.72129"
"2074","42","FOOD","49","-25.438766","-49.266533"
"2078","13","GOOD","29","-22.887522","-43.283367"
"2079","13","GOOD","29","-22.887522","-43.283367"
"2080","8","GOOD","29","-22.921474","-43.23482"
"2097","33","GOOD","29","-23.579067","-46.594006"
"2109","21","GOOD","29","-23.550407","-46.72129"
"2110","27","GOOD","29","-23.622995","-46.699203"
"2112","51","FOOD","49","-22.926905","-43.572533"
"2118","8","GOOD","29","-22.921474","-43.23482"
"2136","27","GOOD","29","-23.622995","-46.699203"
"2137","33","GOOD","29","-23.579067","-46.594006"
"2138","33","GOOD","29","-23.579067","-46.594006"
"2139","33","FOOD","49","-23.579067","-46.59282"
"2142","43","FOOD","49","-25.441221","-49.27769"
"2149","43","FOOD","49","-25.441221","-49.27769"
"2150","31","GOOD","29","-23.631836","-46.735203"
"2156","43","FOOD","49","-25.441221","-49.27769"
"2161","28","FOOD","49","-23.595776","-46.685986"
"2167","25","GOOD","29","-23.570765","-46.642044"
"2168","17","GOOD","29","-23.59955","-46.636757"
"2169","31","GOOD",,"-23.631836","-46.735203"
"2170","37","FOOD","49","-23.507105","-46.718197"
"2181","13","GOOD","29","-22.887522","-43.283367"
"2188","44","FOOD","49","-25.43514","-49.316788"
"2189","42","FOOD","49","-25.438766","-49.266533"
"2193","21","GOOD",,"-23.550407","-46.72129"
"2198","13","GOOD","29","-22.887522","-43.283367"
"2211","35","GOOD","29","-22.97315","-43.37081"
"2216","18","GOOD","29","-22.94733","-43.183533"
"2221","33","GOOD","29","-23.579067","-46.594006"
"2229","42","GOOD","29","-25.438766","-49.266533"
"2233","31","GOOD","29","-23.629826","-46.735203"
"2244","17","GOOD","29","-23.59955","-46.636757"
"2249","20","FOOD","0","-22.996847","-43.359634"
"2257","42","GOOD","29","-25.438766","-49.266533"
"2260","44","GOOD","29","-25.43514","-49.316788"
"2261","43","GOOD","29","-25.441221","-49.27769"
"2264","33","GOOD",,"-23.579067","-46.594006"
"2267","17","FOOD","49","-23.59955","-46.636757"
"2270","73","FOOD",,,
"2274","27","GOOD",,"-23.622995","-46.699203"
"2275","20","GOOD","29","-22.996847","-43.3612"
"2276","28","GOOD","29","-23.595776","-46.685986"
"2278","51","GOOD",,,
"2292","37","GOOD","29","-23.507105","-46.718197"
"2306","13","GOOD",,"-22.887522","-43.283367"
"2311","13","GOOD","29","-22.887522","-43.283367"
"2313","36","FOOD","49","-30.085743","-51.246"
"2317","37","GOOD","0","-23.507105","-46.718197"
"2326","37","GOOD",,"-23.507105","-46.718197"
"2354","13","FOOD","49","-22.887522","-43.283367"
"2355","17","GOOD","29","-23.581713","-46.64582"
"2356","8","GOOD","29","-22.921474","-43.234776"
"2390","8","GOOD",,"-22.921474","-43.23482"
"2398","27","FOOD","49","-23.622995","-46.699203"
"2400","75","GOOD","29","-25.477074","-49.28966"
"2403","42","GOOD",,"-25.438766","-49.266533"
"2404","43","GOOD","29","-25.441221","-49.27769"
"2413","51","FOOD",,"-22.927336","-43.572533"
"2414","75","GOOD","29","-25.477074","-49.28966"
"2425","33","GOOD",,"-23.579067","-46.594"
"2429","44","FOOD",,"-25.43514","-49.316788"
"2432","42","FOOD","29","-25.438766","-49.266533"
"2433","75","FOOD","29","-25.477074","-49.28966"
"2434","75","GOOD",,"-25.477074","-49.28966"
"2436","75","GOOD","29","-25.477074","-49.28966"
"2439","37","FOOD","49","-23.507105","-46.718197"
"2447","13","GOOD","29","-22.886774","-43.283165"
"2451","13","GOOD",,"-22.887522","-43.283367"
"2459","44","GOOD","29","-25.43514","-49.316788"
"2463","75","GOOD",,"-25.477074","-49.28966"
"2465","28","GOOD",,"-23.595776","-46.685986"
"2466","37","GOOD",,"-23.507105","-46.718197"
"2468","26","GOOD","29","-23.563759","-46.652622"
"2471","75","GOOD",,"-25.477074","-49.28966"
"2479","37","GOOD","29","-23.507105","-46.718197"
"2480","27","GOOD","29","-23.622995","-46.699203"
"2482","31","GOOD","29","-23.631836","-46.735203"
"2489","75","GOOD","29","-25.477074","-49.28966"
"2500","51","GOOD",,"-22.927336","-43.572533"
"2505","13","GOOD","29","-22.887522","-43.283367"
"2518","21","GOOD","29","-23.550407","-46.72129"
"2529","27","GOOD","29","-23.622995","-46.699203"
"2541","51","FOOD","49","-22.927336","-43.572533"
"2542","20","GOOD","29","-22.996847","-43.3612"
"2543","20","GOOD","29","-22.996847","-43.35981"
"2545","29","GOOD","29","-23.561052","-46.558975"
"2559","51","FOOD",,"-22.927336","-43.572533"
"2583","43","FOOD","49","-25.441221","-49.27769"
"2587","75","FOOD","49","-25.477074","-49.28966"
"2595","8","GOOD",,"-22.921474","-43.234776"
"2604","21","GOOD",,"-23.550407","-46.72129"
"2640","27","GOOD","29","-23.622995","-46.699203"
"2645","31","GOOD","29","-23.629826","-46.735203"
"2658","75","GOOD","29","-25.477074","-49.28966"
"2661","75","GOOD","29","-25.477074","-49.28966"
"2664","75","GOOD","29","-25.477074","-49.28966"
"2700","26","FOOD","49","-23.563759","-46.652622"
"2703","75","GOOD","29","-25.477074","-49.28966"
"2710","75","GOOD","29","-25.477074","-49.28966"
"2730","44","FOOD","49","-25.43514","-49.316788"
"2732","35","FOOD","49","-22.96988","-43.37081"
"2734","51","FOOD","49","-22.926905","-43.572533"
"2749","51","FOOD","49","-22.927336","-43.572533"
"2754","28","GOOD","29","-23.595215","-46.685986"
"2756","29","GOOD","29","-23.561052","-46.558975"
"2764","44","GOOD","29","-25.43514","-49.316788"
"2785","37","GOOD","29","-23.507105","-46.718197"
"2800","75","GOOD","29","-25.477074","-49.28966"
"2812","31","FOOD","49","-23.629826","-46.735203"
"2816","27","GOOD","29","-23.622995","-46.699203"
"2836","75","FOOD","49","-25.477074","-49.28966"
"2861","44","GOOD","29","-25.43514","-49.316788"
"2863","36","GOOD","29","-30.085743","-51.246"
"2872","13","GOOD","29","-22.887522","-43.283367"
"2888","75","GOOD","0","-25.477074","-49.28966"
"2891","75","FOOD","49","-25.477074","-49.28966"
"2894","42","FOOD","49","-25.438766","-49.266533"
"2904","8","GOOD","29","-22.921474","-43.23482"
"2908","36","FOOD","49","-30.085743","-51.246"
"2917","17","GOOD","29","-23.59955","-46.636757"
"2933","8","GOOD",,"-22.921474","-43.23482"
"2948","42","FOOD","49","-25.438766","-49.266533"
"2954","29","FOOD","0","-23.561052","-46.558975"
"2955","20","FOOD","0","-22.996847","-43.35981"
"2956","18","FOOD","49","-22.94733","-43.183533"
"2958","35","FOOD","0","-22.96988","-43.37081"
"2959","33","FOOD","0","-23.579067","-46.594006"
"2960","27","FOOD","0","-23.622995","-46.699203"
"2962","25","FOOD","0","-23.57075","-46.642044"
"2963","17","FOOD","0","-23.59955","-46.636757"
"2964","8","FOOD","0","-22.921474","-43.23482"
"2971","51","FOOD","49","-22.926905","-43.572533"
"2980","75","FOOD","49","-25.477074","-49.28966"
"3000","42","GOOD","29","-25.438766","-49.266533"
"3001","43","GOOD","29","-25.441221","-49.27769"
"3008","75","FOOD","49","-25.477074","-49.28966"
"3012","43","GOOD","29","-25.441221","-49.27769"
"3016","18","FOOD","49","-22.94733","-43.183533"
"3019","29","GOOD","29","-23.561052","-46.558975"
"3021","43","GOOD","49","-25.441221","-49.27769"
"3048","35","FOOD","49","-22.96988","-43.37081"
"3060","29","FOOD","49","-23.561052","-46.558975"
"3062","25","GOOD","29","-23.57017","-46.642044"
"3063","20","GOOD","29","-22.996847","-43.359634"
"3068","37","FOOD","49","-23.507105","-46.718197"
"3070","17","FOOD","49","-23.59955","-46.636757"
"3071","31","FOOD","49","-23.631836","-46.735203"
"3077","75","GOOD","29","-25.477074","-49.28966"
"3091","25","FOOD","49","-23.570765","-46.642044"
"3097","26","FOOD","49","-23.563759","-46.652622"
"3105","27","FOOD","49","-23.622995","-46.699203"
"3117","8","FOOD","49","-22.921474","-43.23482"
"3128","20","GOOD","29","-22.996847","-43.359634"
"3162","37","GOOD","29","-23.507105","-46.718197"
"3172","44","GOOD","29","-25.43514","-49.316788"
"3182","51","GOOD","29","-22.927336","-43.572533"
"3183","8","GOOD","29","-22.921474","-43.23482"
"3185","13","GOOD","29","-22.887522","-43.283367"
"3218","27","GOOD","39","-23.622995","-46.699203"
"3222","20","FOOD","49","-22.996847","-43.3612"
"3230","42","FOOD","49","-25.438766","-49.266533"
"3254","28","FOOD","49","-23.595776","-46.685986"
"3265","37","FOOD","49","-23.507105","-46.718197"
"3279","44","GOOD","29","-25.43514","-49.316788"
"3284","31","GOOD","29","-23.629826","-46.735203"
"3285","25","GOOD","29","-23.57017","-46.642044"
"3296","29","FOOD","49","-23.561052","-46.558975"
"3322","13","GOOD","29","-22.887522","-43.283367"
"3324","36","FOOD","49","-30.085743","-51.246"
"3325","33","GOOD","29","-23.579067","-46.59282"
"3365","31","GOOD","29","-23.629826","-46.735203"
"3370","28","GOOD","29","-23.595776","-46.685986"
"3388","43","GOOD","29","-25.441221","-49.27769"
"3393","20","GOOD","29","-22.996847","-43.359634"
"3394","8","GOOD","29","-22.921474","-43.23482"
"3401","43","FOOD","49","-25.441221","-49.27769"
"3402","44","FOOD","49","-25.43514","-49.316788"
"3403","75","FOOD","49","-25.477074","-49.28966"
"3404","42","FOOD","49","-25.438766","-49.266533"
"3405","27","GOOD","29","-23.622995","-46.699203"
"3406","20","GOOD","29","-22.996847","-43.359634"
"3412","75","FOOD","49","-25.477074","-49.28966"
"3418","25","GOOD","29","-23.57017","-46.642044"
"3420","18","GOOD","29","-22.94733","-43.183533"
"3422","3","GOOD",,"-30.037415","-51.20352"
"3432","43","GOOD","29","-25.441221","-49.27769"
"3433","13","GOOD","29","-22.887522","-43.283367"
"3434","33","GOOD","29","-23.579067","-46.59282"
"3450","13","FOOD",,"-22.887522","-43.283367"
"3451","37","GOOD","29","-23.507105","-46.718197"
"3460","75","FOOD","29","-25.477074","-49.28966"
"3468","75","FOOD","49","-25.477074","-49.28966"
"3490","25","GOOD","29","-23.570765","-46.642044"
"3491","31","GOOD","29","-23.631836","-46.735203"
"3492","17","GOOD","29","-23.59955","-46.636757"
"3493","33","GOOD","29","-23.579067","-46.594006"
"3497","26","GOOD","29","-23.563759","-46.652622"
"3498","37","GOOD","29","-23.507105","-46.718197"
"3500","13","FOOD","29","-22.887522","-43.283367"
"3509","51","FOOD","49","-22.927336","-43.572533"
"3510","13","GOOD","29","-22.887522","-43.283367"
"3512","75","FOOD","49","-25.477074","-49.28966"
"3528","51","FOOD","49","-22.927336","-43.572533"
"3530","43","GOOD","29","-25.441221","-49.27769"
"3535","25","GOOD","29","-23.570765","-46.642044"
"3541","44","FOOD","49","-25.43514","-49.316788"
"3546","37","FOOD","49","-23.507105","-46.718197"
"3553","13","GOOD","29","-22.887522","-43.283367"
"3588","35","GOOD","49","-22.97315","-43.37081"
"3595","43","FOOD","49","-25.441221","-49.27769"
"3609","42","GOOD","29","-25.438766","-49.266533"
"3612","36","FOOD","29","-30.085743","-51.246"
"3615","33","GOOD","29","-23.579067","-46.594006"
"3625","13","FOOD","49","-22.887522","-43.283367"
"3627","13","FOOD","49","-22.887522","-43.283367"
"3631","8","GOOD","29","-22.921474","-43.23482"
"3639","21","FOOD","49","-23.550407","-46.72129"
"3641","13","FOOD","49","-22.887522","-43.283367"
"3644","75","FOOD","29","-25.477074","-49.28966"
"3646","43","GOOD","29","-25.441221","-49.27769"
"3648","8","GOOD","29","-22.921474","-43.23482"
"3688","21","GOOD","29","-23.550407","-46.72129"
"3694","51","FOOD",,"-22.927336","-43.572533"
"3711","44","FOOD","49","-25.43514","-49.316788"
"3712","75","FOOD","49","-25.477074","-49.28966"
"3721","27","FOOD","49","-23.622995","-46.699203"
"3723","17","GOOD","29","-23.59955","-46.636757"
"3728","13","FOOD",,"-22.887522","-43.283367"
"3752","86","GOOD","29","-23.541502","-46.576717"
"3766","21","GOOD","29","-23.550407","-46.72129"
"3767","86","FOOD","49","-23.541502","-46.576717"
"3770","51","FOOD","49","-22.927336","-43.572533"
"3778","33","FOOD","49","-23.579067","-46.594006"
"3780","75","FOOD","49","-25.477074","-49.28966"
"3804","37","FOOD","49","-23.507105","-46.718197"
"3808","75","GOOD",,"-25.477074","-49.28966"
"3821","35","FOOD","49","-22.97315","-43.37081"
"3822","37","FOOD","49","-23.507105","-46.718197"
"3832","21","GOOD","29","-23.550407","-46.72129"
"3835","91","GOOD","29","-19.875357","-43.925262"
"3847","86","FOOD","49","-23.541502","-46.576717"
"3862","27","GOOD","0","-23.622995","-46.69861"
"3884","20","GOOD","29","-22.996847","-43.3612"
"3902","26","FOOD","49","-23.563759","-46.652622"
"3916","75","FOOD","0","-25.477074","-49.28966"
"3919","43","GOOD","29","-25.441221","-49.27769"
"3920","25","FOOD","49","-23.570765","-46.642044"
"3930","16","FOOD","49","-23.020708","-43.4897"
"3935","75","FOOD","49","-25.43514","-49.28966"
"3936","85","FOOD","49","-23.515253","-46.618355"
"3937","44","FOOD","49","-25.43514","-49.316788"
"3938","44","FOOD","49","-25.43514","-49.316788"
"3943","44","FOOD","49","-25.43514","-49.316788"
"3961","20","FOOD","49","-22.996847","-43.3612"
"3965","28","FOOD","49","-23.595776","-46.685986"
"3966","85","FOOD","49","-23.515253","-46.618355"
"3968","85","FOOD","49","-23.513353","-46.618355"
"3973","85","GOOD","29","-23.513353","-46.618355"
"3984","85","FOOD","49","-23.513353","-46.618355"
"3986","85","FOOD","49","-23.515516","-46.618355"
"3987","85","FOOD","49","-23.513353","-46.618355"
"3995","85","GOOD","29","-23.515253","-46.618355"
"3996","85","FOOD","49","-23.515253","-46.618355"
"4002","43","FOOD","49","-25.441221","-49.27769"
"4003","85","FOOD","49","-23.515253","-46.618355"
"4009","33","GOOD","29","-23.579067","-46.594006"
"4012","13","FOOD","0","-22.887522","-43.283367"
"4015","37","FOOD","49","-23.507105","-46.718197"
"4016","85","FOOD","49","-23.515253","-46.618355"
"4022","18","FOOD","49","-22.94733","-43.183533"
"4023","8","FOOD","49","-22.921474","-43.23482"
"4025","37","FOOD","49","-23.507105","-46.718197"
"4026","25","FOOD","49","-23.570765","-46.642044"
"4058","85","FOOD","49","-23.515253","-46.618355"
"4064","85","FOOD","49","-23.513353","-46.618355"
"4072","44","FOOD","49","-25.43514","-49.316788"
"4097","51","FOOD","49","-22.927336","-43.572533"
"4105","8","GOOD",,"-22.92706","-43.238518"
"4109","17","GOOD",,"-23.598469","-46.63669"
"4110","31","GOOD",,"-23.630852","-46.735397"
"4121","21","GOOD","29","-23.550407","-46.72129"
"4132","43","FOOD","49","-25.441221","-49.27769"
"4139","86","FOOD","49","-23.541502","-46.576717"
"4142","18","FOOD","49","-22.94733","-43.183533"
"4151","85","FOOD","49","-23.513353","-46.618492"
"4153","44","FOOD","49","-25.43514","-49.316788"
"4157","51","GOOD","49","-22.927336","-43.572533"
"4159","29","FOOD","49","-23.561052","-46.558975"
"4161","26","GOOD","29","-23.563759","-46.652622"
"4164","26","GOOD","29","-23.563759","-46.652622"
"4165","26","GOOD","29","-23.563759","-46.652622"
"4167","26","GOOD","29","-23.563759","-46.652622"
"4170","26","GOOD","29","-23.563759","-46.652622"
"4171","26","GOOD","29","-23.563759","-46.652622"
"4181","26","GOOD","29","-23.563759","-46.652622"
"4184","26","GOOD","29","-23.563759","-46.652622"
"4195","26","GOOD","29","-23.563759","-46.652622"
"4199","26","GOOD","29","-23.563759","-46.652622"
"4200","8","FOOD","49","-22.921474","-43.23482"
"4201","85","GOOD","49","-23.513353","-46.618492"
"4202","26","GOOD","29","-23.563759","-46.652622"
"4203","22","FOOD","49","-23.001696","-43.386494"
"4204","22","FOOD","49","-23.001696","-43.386494"
"4206","85","FOOD","49","-23.513353","-46.618492"
"4207","16","FOOD","49","-23.020708","-43.4897"
"4208","26","GOOD","29","-23.563759","-46.652622"
"4210","33","FOOD",,"-23.579067","-46.594006"
"4211","29","FOOD",,"-23.561052","-46.558975"
"4213","17","FOOD",,"-23.59955","-46.636757"
"4214","44","FOOD",,"-25.43514","-49.316788"
"4243","85","GOOD","29","-23.513353","-46.618492"
"4245","33","GOOD","29","-23.579067","-46.594006"
"4255","85","GOOD","49","-23.513353","-46.618492"
"4262","85","GOOD","29","-23.513353","-46.618492"
"4264","85","GOOD","29","-23.513353","-46.618492"
"4266","75","GOOD","29","-25.477074","-49.28966"
"4271","17","FOOD","49","-23.59955","-46.636757"
"4272","75","GOOD","29","-25.477074","-49.28966"
"4292","75","FOOD","49","-25.477074","-49.28966"
"4296","85","GOOD","29","-23.513353","-46.618492"
"4299","21","GOOD","29","-23.550407","-46.72129"
"4300","33","FOOD","49","-23.579067","-46.594006"
"4302","42","FOOD","49","-25.438766","-49.266533"
"4305","20","FOOD","0","-22.996847","-43.3612"
"4314","25","FOOD",,"-23.570765","-46.642044"
"4315","27","FOOD","0","-23.622995","-46.699203"
"4316","43","FOOD","0","-25.441221","-49.27769"
"4317","85","GOOD","29","-23.513353","-46.618492"
"4320","21","GOOD","29","-23.550407","-46.72129"
"4328","27","GOOD","29","-23.622995","-46.699203"
"4329","55","GOOD","1","-23.521776","-46.624153"
"4334","44","FOOD",,"-25.43514","-49.316788"
"4335","20","FOOD","49","-22.996847","-43.3612"
"4336","26","GOOD","29","-23.563759","-46.652622"
"4344","31","GOOD","1","-23.631836","-46.735203"
"4347","36","GOOD","1","-30.085743","-51.246"
"4348","28","GOOD","1","-23.595776","-46.685986"
"4352","35","GOOD","1","-22.97315","-43.37081"
"4354","33","FOOD","49","-23.579067","-46.594006"
"4355","13","GOOD","1","-22.887522","-43.283367"
"4373","86","FOOD","49","-23.541502","-46.576717"
"4386","28","GOOD","29","-23.595776","-46.685986"
"4388","29","GOOD","29","-23.561052","-46.558975"
"4389","85","GOOD","1","-23.513353","-46.618492"
"4396","85","GOOD","29","-23.513353","-46.618492"
"4398","37","GOOD","29","-23.507105","-46.718197"
"4402","51","FOOD","49","-22.927336","-43.572533"
"4403","13","GOOD","29","-22.887522","-43.283367"
"4434","35","GOOD","49","-22.97315","-43.37081"
"4439","75","GOOD","49","-25.477074","-49.28966"
"4440","75","GOOD","49","-25.477074","-49.28966"
"4441","35","GOOD","29","-22.97315","-43.37081"
"4442","35","GOOD","29","-22.97315","-43.37081"
"4443","75","GOOD","49","-25.477074","-49.28966"
"4447","35","GOOD",,"-22.97315","-43.37081"
"4448","35","GOOD","29","-22.97315","-43.37081"
"4449","35","GOOD","29","-22.97315","-43.37081"
"4451","13","GOOD","49","-22.887522","-43.283367"
"4452","43","GOOD","49","-25.441221","-49.27769"
"4453","42","GOOD","49","-25.438766","-49.266533"
"4459","13","GOOD","29","-22.887522","-43.283367"
"4462","37","GOOD","29","-23.507105","-46.53152"
"4467","37","GOOD","29","-23.507105","-46.718197"
"4483","85","GOOD","29","-23.513353","-46.618492"
"4484","35","GOOD","29","-22.97315","-43.37081"
"4488","36","FOOD","49","-30.085743","-51.246"
"4489","29","GOOD",,"-23.561052","-46.558975"
"4491","13","GOOD",,"-22.8875","-43.284885"
"4498","85","GOOD","49","-23.513353","-46.618492"
"4510","33","FOOD",,"-23.579067","-46.594006"
"4512","20","FOOD","49","-22.996847","-43.3612"
"4524","35","GOOD","29","-22.97315","-43.37081"
"4531","37","GOOD","49","-23.507105","-46.718197"
"4553","85","GOOD",,"-23.513353","-46.618492"
"4556","37","FOOD","49","-23.507105","-46.718197"
"4558","86","GOOD","49","-23.541502","-46.576717"
"4559","85","GOOD","49","-23.513353","-46.618492"
"4564","25","GOOD","49","-23.570765","-46.642044"
"4567","85","GOOD","49","-23.513353","-46.618492"
"4568","85","GOOD","49","-23.513353","-46.618492"
"4572","85","GOOD","49","-23.513353","-46.618492"
"4585","85","GOOD","49","-23.513353","-46.618492"
"4587","85","GOOD","49","-23.513353","-46.618492"
"4596","44","GOOD","29","-25.43514","-49.316788"
"4605","85","GOOD","49","-23.513353","-46.618492"
"4611","36","FOOD","49","-30.085743","-51.246"
"4624","27","GOOD","0","-23.622995","-46.699203"
"4625","8","GOOD","0","-22.921474","-43.23482"
"4637","16","FOOD",,"-23.020708","-43.4897"
"4645","44","GOOD","29","-25.43514","-49.316788"
"4648","86","FOOD","49","-23.541502","-46.576717"
"4650","25","FOOD","0","-23.570765","-46.642044"
"4660","85","GOOD","49","-23.513353","-46.618492"
"4664","29","GOOD","49","-23.561052","-46.558975"
"4669","21","GOOD","29","-23.550407","-46.72129"
"4671","25","GOOD","49","-23.570765","-46.642044"
"4675","13","GOOD","29","-22.887522","-43.283367"
"4676","75","GOOD","49","-25.477074","-49.28966"
"4679","85","FOOD","49","-23.513353","-46.618492"
